"('bbmstop', 38480)"
"('stopsocial', 37424)"
"('gamethrones', 9504)"
"('zubair', 8538)"
"('exo', 8421)"
"('got', 8009)"
"('maga', 7942)"
"('playcool', 7517)"
"('music', 6498)"
"('fashion', 6486)"
"('socialmedia', 6422)"
"('realestate', 6122)"
"('boyluv', 6063)"
"('bts', 6037)"
"('btsarmy', 5565)"
"('ebay', 5520)"
"('notredame', 5403)"
"('chen', 5358)"
"('lingerie', 5335)"
"('swimsuit', 5167)"
"('bra', 5145)"
"('knickers', 5138)"
"('urbiz', 5132)"
"('tweetur', 5131)"
"('tweetuk', 5130)"
"('blackpink', 4602)"
"('mtvla', 4385)"
"('suho', 4189)"
"('killlove', 3657)"
"('love', 3531)"
"('kyungsoo', 3500)"
"('paris', 3480)"
"('dohkyung', 3411)"
"('twitterbest', 2913)"
"('bestfandom', 2899)"
"('ompiawards', 2873)"
"('ripnipsey', 2852)"
"('bbm', 2784)"
"('popbts', 2768)"
"('xiumin', 2687)"
"('btc', 2655)"
"('fandombts', 2527)"
"('xrp', 2524)"
"('lovespace', 2515)"
"('palitlove', 2510)"
"('dreamsunday', 2483)"
"('ripple', 2460)"
"('follow', 2443)"
"('trx', 2432)"
"('art', 2388)"
"('mtvbr', 2384)"
"('timemeet', 2340)"
"('meetchen', 2339)"
"('followback', 2278)"
"('allianzparque', 2234)"
"('sexy', 2219)"
"('etsy', 2219)"
"('btsallianz', 2218)"
"('ipl', 2205)"
"('venezuela', 2137)"
"('business', 2111)"
"('pakveng', 2052)"
"('amazon', 2005)"
"('crypto', 1997)"
"('listing', 1978)"
"('brexit', 1962)"
"('climatechange', 1941)"
"('mtvlak', 1899)"
"('milf', 1887)"
"('video', 1871)"
"('racism', 1867)"
"('horny', 1861)"
"('lakpop', 1817)"
"('findom', 1773)"
"('vaus', 1744)"
"('jobs', 1739)"
"('gungiveaway', 1730)"
"('pakva', 1709)"
"('mtvbrk', 1677)"
"('uho', 1659)"
"('superleaders', 1658)"
"('leadersu', 1658)"
"('yawn', 1655)"
"('brkpop', 1649)"
"('loveblack', 1648)"
"('fiverr', 1635)"
"('artg', 1622)"
"('playing', 1604)"
"('porn', 1587)"
"('btsbrazil', 1568)"
"('books', 1567)"
"('sex', 1535)"
"('lafandom', 1517)"
"('kindle', 1504)"
"('hiring', 1492)"
"('exoking', 1466)"
"('kingsold', 1464)"
"('kai', 1453)"
"('phonepe', 1438)"
"('baekhyun', 1430)"
"('teambts', 1428)"
"('instagram', 1425)"
"('blinks', 1418)"
"('pussy', 1413)"
"('miaw', 1395)"
"('blockchain', 1389)"
"('new', 1386)"
"('mtvmia', 1377)"
"('premiosmtv', 1374)"
"('xxxgrls', 1337)"
"('bitcoin', 1320)"
"('funny', 1318)"
"('coin', 1306)"
"('mivcsk', 1300)"
"('jungkook', 1265)"
"('modernmo', 1243)"
"('mogal', 1243)"
"('readindie', 1230)"
"('straykids', 1228)"
"('clip', 1223)"
"('easter', 1216)"
"('newtuber', 1214)"
"('brfandom', 1201)"
"('stopsocia', 1180)"
"('starwars', 1178)"
"('christchurch', 1174)"
"('bucks', 1173)"
"('cumtribute', 1170)"
"('developer', 1139)"
"('abdul', 1136)"
"('news', 1123)"
"('ass', 1112)"
"('feet', 1107)"
"('fortnite', 1094)"
"('hiphop', 1090)"
"('design', 1085)"
"('cum', 1049)"
"('taehyung', 1026)"
"('happy', 1024)"
"('girl', 1023)"
"('cryptocurrency', 1010)"
"('tits', 1002)"
"('vivoipl', 993)"
"('dog', 982)"
"('rafalejolt', 978)"
