"('rif', 1173)"
"('nursultan', 1041)"
"('australia', 466)"
"('afghanistan', 454)"
"('var', 447)"
"('kleinerbriefkasten', 447)"
"('transcriptionfactorsinlightandcircadianclocksignalingnetworksrevealedbygenomewidemappingofdirecttargetsforneurosporawhitecollarcomplex', 415)"
"('basshunter', 410)"
"('belgium', 396)"
"('brazil', 392)"
"('chile', 383)"
"('denmark', 376)"
"('austria', 376)"
"('colombia', 374)"
"('bolivia', 373)"
"('costarica', 372)"
"('dominicanrepublic', 369)"
"('ecuador', 368)"
"('dutchesperantoyouth', 366)"
"('portraitofaman', 366)"
"('algeria', 363)"
"('ukraine', 362)"
"('cameroon', 361)"
"('schoolstraat', 360)"
"('switzerland', 358)"
"('selfportrait', 358)"
"('reconstructionandvalidationofagenomescalemetabolicmodelforthefilamentousfungusneurosporacrassausingfarm', 357)"
"('nipseyhussle', 356)"
"('democraticrepublicofthecongo', 352)"
"('peoplesrepublicofchina', 349)"
"('republicofthecongo', 349)"
"('burundi', 346)"
"('bahamas', 343)"
"('bangladesh', 335)"
"('belize', 324)"
"('botswana', 323)"
"('quebec', 300)"
"('malta', 281)"
"('birsamundaairport', 271)"
"('analysisofaconservedcellulasetranscriptionalregulatorrevealsinducerindependentproductionofcellulolyticenzymesinneurosporacrassa', 268)"
"('naruhito', 257)"
"('kerkstraat', 256)"
"('aivaraskvedarauskas', 252)"
"('robridder', 251)"
"('israel', 250)"
"('molenstraat', 248)"
"('jokevanbeusekom', 244)"
"('mexico', 239)"
"('chicago', 238)"
"('anniewkoch', 237)"
"('marjanridder', 236)"
"('norway', 235)"
"('madhumitabisht', 235)"
"('niroshanwijekoon', 235)"
"('japan', 234)"
"('ireland', 233)"
"('venezuela', 233)"
"('klausraffeiner', 232)"
"('india', 231)"
"('michaelsmith', 231)"
"('dorpsstraat', 231)"
"('unitedstatesofamerica', 229)"
"('gregorberden', 229)"
"('netherlands', 227)"
"('katitolmoff', 227)"
"('ericavandenheuvel', 227)"
"('turkey', 225)"
"('olaugbollestad', 225)"
"('myanmar', 224)"
"('sudan', 222)"
"('lebanon', 221)"
"('mortenfrost', 221)"
"('europeanunion', 220)"
"('jordan', 220)"
"('unitedkingdom', 219)"
"('tagemadsen', 219)"
"('greece', 218)"
"('landscape', 218)"
"('france', 217)"
"('morocco', 217)"
"('germany', 216)"
"('peru', 216)"
"('tourdeguadeloupe', 214)"
"('jamaica', 213)"
"('nepal', 213)"
"('malawi', 212)"
"('luckydharmasena', 212)"
"('milainecloutier', 212)"
"('italy', 211)"
"('elsalvador', 210)"
"('johnwalker', 210)"
"('judithmeulendijks', 210)"
"('heikisorge', 210)"
"('marereinberg', 210)"
"('iceland', 209)"
"('anunieminen', 209)"
"('spain', 208)"
"('timconway', 206)"
"('nigelhall', 206)"
"('portraitofawoman', 206)"
"('finland', 205)"
"('portugal', 205)"
"('benin', 205)"
"('majatvrdy', 205)"
"('rikkeolsen', 205)"
"('hansholgerfriedrich', 204)"
"('petraschrott', 204)"
"('uruguay', 203)"
"('ethiopia', 203)"
"('argentina', 203)"
"('philippines', 203)"
"('sweden', 202)"
"('guatemala', 202)"
"('honduras', 202)"
"('malaysia', 202)"
"('madagascar', 202)"
"('nandumnatekar', 202)"
"('elinecoene', 201)"
"('estonia', 200)"
"('pakistan', 200)"
"('burkinafaso', 199)"
"('lottebruil', 199)"
"('yaojie', 199)"
"('madspielerkolding', 199)"
"('peraanonsen', 199)"
"('srilanka', 198)"
"('thailand', 198)"
"('alenroj', 198)"
"('libya', 197)"
"('nigeria', 197)"
"('gilliangilks', 197)"
"('chronicleofdalimil', 197)"
"('peterrasmussen', 196)"
"('deutschepostag', 196)"
"('camillamartin', 196)"
"('chrisbruil', 196)"
"('marjaridder', 196)"
"('nettienielsen', 196)"
"('haiti', 195)"
"('saudiarabia', 194)"
"('southkorea', 194)"
"('charmainereid', 194)"
"('dickbirch', 194)"
"('jellemaas', 194)"
"('hungary', 193)"
"('flemmingdelfs', 193)"
"('paraguay', 192)"
"('nicaragua', 192)"
"('tunisia', 192)"
"('pauljohnson', 192)"
"('steenskovgaard', 192)"
"('kirstenthorndahl', 192)"
"('margaritamikelsone', 192)"
"('morinmathias', 192)"
"('mauritania', 191)"
"('erlandkops', 191)"
"('andersskaaruprasmussen', 191)"
"('newzealand', 190)"
"('jenspeternierhoff', 190)"
"('jackunderhill', 190)"
"('meenashah', 190)"
"('pimsethpaul', 190)"
"('syria', 189)"
"('eswatini', 189)"
"('annarice', 189)"
"('eileengeorge', 189)"
"('julianastraat', 189)"
"('cyprus', 188)"
"('zimbabwe', 188)"
"('uganda', 187)"
"('rupeshkumar', 187)"
"('alexandrabruce', 187)"
"('kirstenlarsen', 187)"
"('dumindajayakody', 187)"
"('huubvanginneken', 187)"
"('iainsydie', 187)"
"('chad', 186)"
"('sierraleone', 186)"
"('rolfpaterson', 186)"
"('mikebutler', 186)"
"('ghana', 185)"
"('zambia', 185)"
"('agnetefriis', 185)"
"('tinebaun', 185)"
"('anneliparts', 185)"
"('ianmaconachie', 185)"
"('markchristiansen', 185)"
"('ruudbosch', 185)"
"('kuwait', 184)"
"('gabon', 184)"
"('agneseallegrini', 184)"
"('denysejulien', 184)"
"('gerrychandrasena', 184)"
"('jesperhelledie', 184)"
"('kenya', 183)"
"('hanskristianvittinghus', 183)"
"('thomasgage', 183)"
"('federicapanini', 183)"
"('riinavalgmaa', 183)"
"('jeanbardsley', 183)"
"('notredamedeparis', 182)"
"('samanthabarning', 182)"
"('manjushakanwar', 182)"
"('devindermohan', 182)"
"('ruudvanginneken', 182)"
"('mettepoulsen', 182)"
"('michaelkjeldsen', 182)"
"('sarathygesen', 181)"
"('poulholm', 181)"
"('trinidadandtobago', 180)"
"('tanzania', 180)"
"('philippebourret', 180)"
"('janeyoungberg', 180)"
"('pietridder', 180)"
"('parallelweg', 180)"
"('panama', 179)"
"('eurozone', 179)"
"('manifestooftheninetythree', 179)"
"('giovannigreco', 179)"
"('johannefalardeau', 179)"
"('miminilsson', 179)"
"('adobe', 178)"
"('ericwalther', 178)"
"('adrianliu', 178)"
"('joelshapiro', 178)"
"('aparnapopat', 178)"
"('ninasundberg', 178)"
"('florencelavoie', 178)"
"('gittepaulsen', 178)"
"('marloesvanswelm', 178)"
"('pearlgoss', 178)"
"('kristinkuuba', 178)"
"('bahrain', 177)"
"('koenridder', 177)"
"('jonasrasmussen', 177)"
"('mikaheinonen', 177)"
"('guusvandervlugt', 177)"
"('jeanmiller', 177)"
"('iraq', 176)"
"('rwanda', 176)"
"('arlwijesekera', 176)"
"('petersmith', 176)"
"('ralphgibson', 176)"
"('donaldsmythe', 176)"
"('gretemogensen', 176)"
"('nicolevanhooren', 176)"
"('ilsilenzio', 176)"
"('stilllife', 175)"
"('mathiasboe', 175)"
"('achininimeshikaratnasiri', 175)"
"('andrewdabeka', 175)"
"('davekhodabux', 175)"
"('lilytermetz', 175)"
"('marianhorsley', 175)"
"('lindacloutier', 175)"
"('moniquehoogland', 175)"
"('singapore', 174)"
"('guyana', 174)"
"('qatar', 174)"
"('bermuda', 174)"
"('tonyjordan', 174)"
"('mikebitten', 174)"
"('kallekaljurand', 174)"
"('pullelagopichand', 174)"
"('indonesia', 173)"
"('pernilleharder', 173)"
"('derektalbot', 173)"
"('jamesrankin', 173)"
"('margaretrobertson', 173)"
"('barbados', 172)"
