bbmstopsocial,rif
gamethrones,nursultan
zubair,australia
exo,afghanistan
got,var
maga,kleinerbriefkasten
playcool,transcriptionfactorsinlightandcircadianclocksignalingnetworksrevealedbygenomewidemappingofdirecttargetsforneurosporawhitecollarcomplex
music,basshunter
fashion,belgium
socialmedia,brazil
bts,chile
boyluv,denmark
realestate,austria
ebay,colombia
chen,bolivia
lingerie,costarica
swimsuit,dominicanrepublic
bra,ecuador
knickers,dutchesperantoyouth
tweeturbiz,portraitofaman
tweetuk,algeria
notredame,ukraine
suho,cameroon
love,schoolstraat
paris,switzerland
dohkyungsoo,selfportrait
btsarmy,reconstructionandvalidationofagenomescalemetabolicmodelforthefilamentousfungusneurosporacrassausingfarm
twitterbestfandom,nipseyhussle
ompiawards,democraticrepublicofthecongo
ripnipsey,peoplesrepublicofchina
bbm,republicofthecongo
btc,burundi
dreamsunday,bahamas
xrp,bangladesh
fandombtsarmy,belize
palitlovespace,botswana
ripple,quebec
blackpink,malta
follow,birsamundaairport
trx,analysisofaconservedcellulasetranscriptionalregulatorrevealsinducerindependentproductionofcellulolyticenzymesinneurosporacrassa
art,naruhito
timemeetchen,kerkstraat
xiumin,aivaraskvedarauskas
btsallianzparque,robridder
sexy,israel
etsy,molenstraat
ipl,jokevanbeusekom
venezuela,mexico
business,chicago
mtvla,anniewkoch
pakveng,marjanridder
killlove,norway
amazon,madhumitabisht
crypto,niroshanwijekoon
listing,japan
climatechange,ireland
milf,venezuela
video,klausraffeiner
racism,india
horny,michaelsmith
mtvlakpop,dorpsstraat
jobs,unitedstatesofamerica
gungiveaway,gregorberden
pakvaus,netherlands
superleadersu,katitolmoff
leadersuho,ericavandenheuvel
yawn,turkey
findom,olaugbollestad
loveblackpink,myanmar
mtvbrkpop,sudan
artg,lebanon
killloveblack,mortenfrost
playing,europeanunion
fiverr,jordan
porn,unitedkingdom
btsbrazil,tagemadsen
books,greece
sex,landscape
mtvlafandom,france
kindle,morocco
hiring,germany
exokingsold,peru
kai,tourdeguadeloupe
blinks,jamaica
lakpopbts,nepal
teambts,malawi
pussy,luckydharmasena
phonepe,milainecloutier
new,italy
mtvmiaw,elsalvador
premiosmtvmia,johnwalker
xxxgrls,judithmeulendijks
blockchain,heikisorge
funny,marereinberg
brkpopbts,iceland
coin,anunieminen
mivcsk,spain
bitcoin,timconway
followback,nigelhall
modernmogal,portraitofawoman
readindie,finland
clip,portugal
newtuber,benin
easter,majatvrdy
mtvbrfandom,rikkeolsen
mtvbr,hansholgerfriedrich
bbmstopsocia,petraschrott
christchurch,uruguay
bucks,ethiopia
brexit,argentina
cumtribute,philippines
developer,sweden
abdul,guatemala
news,honduras
ass,malaysia
feet,madagascar
jungkook,nandumnatekar
design,elinecoene
cum,estonia
happy,pakistan
girl,burkinafaso
cryptocurrency,lottebruil
tits,yaojie
vivoipl,madspielerkolding
baekhyun,peraanonsen
dog,srilanka
like,thailand
cute,alenroj
travel,libya
free,nigeria
photography,gilliangilks
spot,chronicleofdalimil
,peterrasmussen
,deutschepostag
,camillamartin
,chrisbruil
,marjaridder
,nettienielsen
,haiti
,saudiarabia
,southkorea
,charmainereid
,dickbirch
,jellemaas
,hungary
,flemmingdelfs
,paraguay
,nicaragua
,tunisia
,pauljohnson
,steenskovgaard
,kirstenthorndahl
,margaritamikelsone
,morinmathias
,mauritania
,erlandkops
,andersskaaruprasmussen
,newzealand
,jenspeternierhoff
,jackunderhill
,meenashah
,pimsethpaul
,syria
,eswatini
,annarice
,eileengeorge
,julianastraat
,cyprus
,zimbabwe
,uganda
,rupeshkumar
,alexandrabruce
,kirstenlarsen
,dumindajayakody
,huubvanginneken
,iainsydie
,chad
,sierraleone
,rolfpaterson
,mikebutler
,ghana
,zambia
,agnetefriis
,tinebaun
,anneliparts
,ianmaconachie
,markchristiansen
,ruudbosch
,kuwait
,gabon
,agneseallegrini
,denysejulien
,gerrychandrasena
,jesperhelledie
,kenya
,hanskristianvittinghus
,thomasgage
,federicapanini
,riinavalgmaa
,jeanbardsley
,notredamedeparis
,samanthabarning
,manjushakanwar
,devindermohan
,ruudvanginneken
,mettepoulsen
,michaelkjeldsen
,sarathygesen
,poulholm
,trinidadandtobago
,tanzania
,philippebourret
,janeyoungberg
,pietridder
,parallelweg
,panama
,eurozone
,manifestooftheninetythree
,giovannigreco
,johannefalardeau
,miminilsson
,adobe
,ericwalther
,adrianliu
,joelshapiro
,aparnapopat
,ninasundberg
,florencelavoie
,gittepaulsen
,marloesvanswelm
,pearlgoss
,kristinkuuba
,bahrain
,koenridder
,jonasrasmussen
,mikaheinonen
,guusvandervlugt
,jeanmiller
,iraq
,rwanda
,arlwijesekera
,petersmith
,ralphgibson
,donaldsmythe
,gretemogensen
,nicolevanhooren
,ilsilenzio
,stilllife
,mathiasboe
,achininimeshikaratnasiri
,andrewdabeka
,davekhodabux
,lilytermetz
,marianhorsley
,lindacloutier
,moniquehoogland
,singapore
,guyana
,qatar
,bermuda
,tonyjordan
,mikebitten
,kallekaljurand
,pullelagopichand
,indonesia
,pernilleharder
,derektalbot
,jamesrankin
,margaretrobertson
,barbados
